{
    "task_id":"task_1",
    "scene_id":"2120",
    "code":"3090",
    "duration":10,
    "postpone":60,
    "fps":0.33,
    "threshold":0.8,
    "cameras":[
        {
            "id":"stream_1",
            "areas":[
                {
                    "id":"2040",
                    "name":"办公区",
                    "scope":[
                        777,
                        177,
                        424,
                        443,
                        1114,
                        745,
                        1413,
                        363
                    ]
                },
                {
                    "id":"2050",
                    "name":"群众区",
                    "scope":[
                        10,
                        10,
                        20,
                        10,
                        20,
                        20,
                        10,
                        20
                    ]
                }
            ]
        },
        {
            "id":"stream_2",
            "areas":[
                {
                    "id":"2040",
                    "name":"办公区",
                    "scope":[
                        777,
                        177,
                        424,
                        443,
                        1114,
                        745,
                        1413,
                        363
                    ]
                }
            ]
        }
    ]
}