{
    "violations": [
    {
        "code" : "2460",
        "name" : "guardrail",
        "on" : true,
        "background_image_path": "./background_image_path_404.jpg",
        "conditions" : [
            {
                "name" : "violate_box",
                "type" : "mulit-polygon",
                "threshold" : 0.01,
                "data_offset" : [8,16,24,32],
                "data" : [
                    1310,400,1420,400,1420,535,1310,535,
                    1440,500,1520,500,1520,605,1440,605,
                    1525,565,1600,565,1600,680,1525,680,
                    1580,610,1675,610,1675,750,1580,750
                ]
            }
        ],
        "cooling_second":60
    }
    ]
}