{
  "general_config":{
      "tad_type":"ducha"
  },
  "stream_config":{
      "decode_queue_size":100,
      "gpu_id":0,
      "fps":12.5,
      "decode_device":"cpu",
      "device_input":false,
      "drop_packet":true,
      "player_mode":true,
      "dec_threads":1,
      "enable_tracking_debug": true
  },
  "engine_config":{
      "ducha":{
          "detect":{
              "model_path":"/home/yankai/Workspace/source/analyzer-core/models/ducha_det_yolov5m.tronmodel",
              "batch_size":12,
              "gpu_id":0,
              "device_input":false,
              "detect_threshold":0.7
          },
          "attribute":{
              "model_path":"/home/yankai/Workspace/source/analyzer-core/models/ducha_cls_rexnet10_lite_v3.tronmodel",
              "batch_size":12,
              "gpu_id":0,
              "device_input":false
          },
          "hoi":{
              "model_path":"/home/yankai/Workspace/source/analyzer-core/models/ppdm_ducha.tronmodel",
              "batch_size":12,
              "gpu_id":0,
              "device_input":false,
              "detect_threshold":0.1
          },
          "fight":{
              "model_path":"/workspace/models/bk_fight.tronmodel",
              "batch_size":12,
              "gpu_id":0,
              "device_input":false,
              "detect_threshold":0.3
          },
          "attribute_on":true,
          "hoi_on":false,
          "fight_on":false,
          "attribute_fps":12.5,
          "fight_fps":3,
          "attribute_queue_size":8,
          "fight_queue_size":8
      }
  }
}