{
    "general_config": {
        "tad_type": "sharedbike"
    },
    "stream_config": {
        "decode_queue_size": 4,
        "device_input": false,
        "fps": 12.5,
        "parse_ptz": false,
        "output_stream_size": 720,
        "player_mode": true
    },
    "engine_config": {
        "sharedbike": {
            "detect": {
                "model_path": "/workspace/models/sharedbike_detect.tronmodel",
                "batch_size": 2
            },

            "detect_interval": 25,
            "detect_queue_size": 8
        }
    }
}