{
    "general_config": {
        "tad_type": "events"
    },
    "stream_config": {
        "decode_queue_size": 4,
        "device_input": false,
        "fps": 25,
        "parse_ptz": false,
        "output_stream_size": 720
    },
    "engine_config": {
        "events": {
            "weather": {
                "model_path": "/workspace/models/gaosu_weather.tronmodel",
                "batch_size": 16
            },
            "break_in": {
                "model_path": "/workspace/models/gaosu_persion.tronmodel",
                "batch_size": 12
            },
            "left_object_traffic_det": {
                "model_path": "/workspace/models/gaosu_persion.tronmodel",
                "batch_size": 1,
                "detect_interval_frames": 25
            },
            "left_object_classify": {
                "model_path": "/workspace/models/gaosu_leftobject.tronmodel",
                "batch_size": 12,
                "detect_interval_frames": 25
            },
            "traffic_sign": {
                "model_path": "/workspace/models/gaosu_traffic_sign.tronmodel",
                "batch_size": 2
            },
            "fire": {
                "model_path": "/workspace/models/gaosu_fire.tronmodel",
                "batch_size": 16
            },

            "detect_interval": 25,
            "weather_interval": 25,
            "traffic_sign_interval": 50,
            "fire_interval": 25,
            "break_in_interval_local": 25,
            "break_in_interval_global": 1500,
            "break_in_interval_last": 50,

            "detect_queue_size": 8
        }
    }
}