{
    "general_config": {
        "tad_type": "events"
    },
    "stream_config": {
        "decode_queue_size": 4,
        "device_input": false,
        "fps": 12.5,
        "parse_ptz": false,
        "output_stream_size": 720
    },
    "engine_config": {
        "leftobject": {
            "left_object_traffic_det": {
                "model_path": "/home/shanma/Workspace/hourz/models/peleenet_nofpn64v2_model_gaosu_V2-v0.16.tronmodel",
                "batch_size": 1
            },
            "left_object_classify": {
                "model_path": "/home/shanma/Workspace/hourz/models/leftobject-classify-v0.5-20200612.tronmodel",
                "batch_size": 12
            },

            "detect_interval": 25,
            "weather_interval": 25,
            "traffic_sign_interval": 50,
            "fire_interval": 25,
            "break_in_interval_local": 25,
            "break_in_interval_global": 1500,
            "break_in_interval_last": 50,

            "detect_queue_size": 8
        }
    }
}