{
    "general_config": {
        "tad_type": "events"
    },
    "stream_config": {
        "decode_queue_size": 4,
        "device_input": false,
        "fps": 12.5,
        "parse_ptz": false,
        "output_stream_size": 720,
        "player_mode": true
    },
    "engine_config": {
        "events": {
            "throwobject_detect": {
                "model_path": "/workspace/mnt/storage/kanghaidong/work/hourz/models/throwobject_yolov5m_-v1.0-20210205.tronmodel",
                "batch_size": 12,
                "detect_threshold": 0.6,
                "detect_interval": 25,
                "still_time_config": 2,
                "detect_queue_size": 8
            },
            "left_object_traffic_det": {
                "model_path": "/tmp/tmp.kjZ6SGxpwm/models/yolov3_pelee_v6_merged.tronmodel",
                "batch_size": 12
            },

            "detect_interval": 25,
            "detect_queue_size": 8
        }
    }
}