{
    "general_config": {
        "tad_type": "guardrail"
    },
    "stream_config": {
        "decode_queue_size": 4,
        "device_input": false,
        "fps": 12.5,
        "parse_ptz": false,
        "output_stream_size": 720,
        "player_mode": true
    },
    "engine_config": {
        "guardrail": {
            "traffic_detect_model": {
                "model_path": "/workspace/models/guardrail_traffic_detect.tronmodel",
                "batch_size": 12
            },

            "detect_interval": 25,
            "detect_queue_size": 8
        }
    }
}