{
    "general_config":{
        "tad_type":"face_struct|person_struct",
        "event_processor_thread":10
    },
    "stream_config":{
        "decode_queue_size":4,
        "device_input":false,
        "fps":12.5,
        "gpu_id":0,
        "output_stream_size":720
    },
    "engine_config":{
        "face_struct":{
            "face_detect":{
                "model_path":"/workspace/models/face_detect.tronmodel",
                "batch_size":16,
                "gpu_id":0,
                "device_input":false
            },
            "face_attri":{
                "model_path":"/workspace/models/face_attribute.tronmodel",
                "batch_size":16,
                "gpu_id":0,
                "device_input":false
            },
            "face_feature":{
                "model_path":"/workspace/models/face_feature.tronmodel",
                "batch_size":16,
                "gpu_id":0,
                "device_input":false
            },
            "face_quality":{
                "model_path":"/workspace/models/face_quality.tronmodel",
                "batch_size":16,
                "gpu_id":0,
                "device_input":false
            },
            "track":{
                "mot_type":"face"
            },
            "face_struct_on":true,
            "face_struct_interval":1
        },
        "person_struct":{
            "person_det":{
                "model_path":"/workspace/models/person_detect.tronmodel",
                "batch_size":8,
                "gpu_id":0,
                "device_input":false,
                "detect_threshold": 0.99
            },
            "person_attr":{
                "model_path":"/workspace/models/person_attribute.tronmodel",
                "batch_size":8,
                "gpu_id":0,
                "device_input":false
            },
            "person_feature":{
                "model_path":"/workspace/models/person_feature.tronmodel",
                "batch_size":8,
                "gpu_id":0,
                "device_input":false
            },
            "person_quality": {
                "model_path": "/workspace/models/person_quality.tronmodel",
                "batch_size": 8,
                "gpu_id": 0,
                "device_input": false
            },
            "track":{
                "mot_type":"person"
            },
            "person_struct_on":true,
            "person_struct_interval":1
        }
    },
    "file_server_address":"100.100.142.70:8002"
}