{
    "general_config": {
        "tad_type": "traffic"
    },
    "stream_config": {
        "decode_queue_size": 4,
        "device_input": true,
        "fps": 12.5,
        "parse_ptz": false,
        "output_stream_size": 720
    },
    "engine_config": {
        "traffic": {
            "detect": {
                "device_input": true,
                "model_path": "/workspace/models/vehicle_detect.tronmodel",
                "batch_size": 12,
                "detect_type_mapping": [
                    1,
                    3,
                    2
                ],
                "detect_thresholds": [
                    0.9736,
                    0.7062,
                    0.9395,
                    0.93
                ]
            },
            "traffic_light": {
                "model_path": "/workspace/models/nonmotor_traffic_light.tronmodel",
                "batch_size": 12
            },
            "tracking": {
                "max_tracker_count": 256
            },
            "vehicle_attr": {
                "model_path": "/workspace/models/vehicle_attr.tronmodel"
            },
            "nonmotor_attr": {
                "model_path": "/workspace/models/non_motor_behavior.tronmodel"
            },
            "vehicle_plate": {
                "model_path": "/workspace/models/vehicle_plate.tronmodel",
                "plate_first_character_min_score": 0.6,
                "plate_first_character_default_value": "沪"
            },
            "nonmotor_plate": {
                "model_path": "/workspace/models/nonmotor_plate.tronmodel"
            },
            "detect_interval": 1,
            "detect_queue_size": 2,
            "tracking_queue_size": 2,
            "attr_queue_size": 2,
            "vehicle_attribute_min_size": 112,
            "nonmotor_attribute_min_size": 56
        }
    }
}