{
    "violations": [
    {
        "code" : "2433",
        "name" : "leftobject",
        "on" : true,
        "conditions" : [
        {
            "name" : "violate_box",
            "type" : "polygon",
            "data" : [
                0.0,
                180.0,
                1920.0,
                180.0,
                1920.0,
                900.0,
                0.0,
                900.0
            ],
            "leftobject_classify_score_thresh" : 0.1
        }
    ],
        "cooling_second":10
    }
    ]
}
