[{
    "comment" : "test",
    "code" : "16",
    "name" : "queue_count_report",
    "on" : true,
    "roi" : [ 
        {
            "data" : [ 
                0, 
                0, 
                1920, 
                0, 
                1920, 
                1080, 
                0, 
                1080
            ]
        }
    ],
    "remove_roi" : [],
    "min_num_threshold" : 2,
    "report_span": 60
},
{
    "comment" : "test",
    "code" : "15",
    "name" : "queue_count_exceed",
    "on" : true,
    "roi" : [ 
        { 
            "data" : [ 
                0, 
                0, 
                1920, 
                0, 
                1920, 
                1080, 
                0, 
                1080
            ]
        }
    ],
    "remove_roi" : [],
    "cooling_second":10
}
]